{
    "uid": "content_dam_express_2022_projects_web_header_nav_04_april_0425_digital_17444_sale_nav_dg_nav_sale_jpg",
    "urlPath": "/assets/content_dam_express_2022_projects_web_header_nav_04_april_0425_digital_17444_sale_nav_dg_nav_sale_jpg",
    "status": true,
    "file_size": "6375",
    "tag": [],
    "filename": "express 2022 projects web header-nav 04-april 0425-digital-17444-sale-nav dg-nav-sale.jpg",
    "url": "https://express.com/content/dam/express/2022/projects/web/header-nav/04-april/0425-digital-17444-sale-nav/dg-nav-sale.jpg",
    "is_dir": false,
    "parent_uid": "migrationasset",
    "_version": 1,
    "title": "express 2022 projects web header-nav 04-april 0425-digital-17444-sale-nav dg-nav-sale.jpg",
    "publish_details": []
}