{
    "uid": "content_dam_express_2024_projects_web_category_inline_06_june_0603_digital_32735_dg_nav_cards_m_nav_01_jpg",
    "urlPath": "/assets/content_dam_express_2024_projects_web_category_inline_06_june_0603_digital_32735_dg_nav_cards_m_nav_01_jpg",
    "status": true,
    "file_size": "118480",
    "tag": [],
    "filename": "express 2024 projects web category-inline 06-june 0603-digital-32735-dg-nav-cards m-nav-01.jpg",
    "url": "https://express.com/content/dam/express/2024/projects/web/category-inline/06-june/0603-digital-32735-dg-nav-cards/m-nav-01.jpg",
    "is_dir": false,
    "parent_uid": "migrationasset",
    "_version": 1,
    "title": "express 2024 projects web category-inline 06-june 0603-digital-32735-dg-nav-cards m-nav-01.jpg",
    "publish_details": []
}