{
    "content_dam_express_2024_projects_web_category_inline_06_june_06_floorset_32735_vis_nav_cards_w_nav_01_png": {
        "uid": "content_dam_express_2024_projects_web_category_inline_06_june_06_floorset_32735_vis_nav_cards_w_nav_01_png",
        "urlPath": "/assets/content_dam_express_2024_projects_web_category_inline_06_june_06_floorset_32735_vis_nav_cards_w_nav_01_png",
        "status": true,
        "file_size": "63400",
        "tag": [],
        "filename": "express 2024 projects web category-inline 06-june 06-floorset 32735-vis-nav-cards w-nav-01.png",
        "url": "https://express.com/content/dam/express/2024/projects/web/category-inline/06-june/06-floorset/32735-vis-nav-cards/w-nav-01.png",
        "is_dir": false,
        "parent_uid": "migrationasset",
        "_version": 1,
        "title": "express 2024 projects web category-inline 06-june 06-floorset 32735-vis-nav-cards w-nav-01.png",
        "publish_details": []
    },
    "content_dam_express_2024_projects_web_category_inline_06_june_0603_digital_32735_dg_nav_cards_m_nav_01_jpg": {
        "uid": "content_dam_express_2024_projects_web_category_inline_06_june_0603_digital_32735_dg_nav_cards_m_nav_01_jpg",
        "urlPath": "/assets/content_dam_express_2024_projects_web_category_inline_06_june_0603_digital_32735_dg_nav_cards_m_nav_01_jpg",
        "status": true,
        "file_size": "118480",
        "tag": [],
        "filename": "express 2024 projects web category-inline 06-june 0603-digital-32735-dg-nav-cards m-nav-01.jpg",
        "url": "https://express.com/content/dam/express/2024/projects/web/category-inline/06-june/0603-digital-32735-dg-nav-cards/m-nav-01.jpg",
        "is_dir": false,
        "parent_uid": "migrationasset",
        "_version": 1,
        "title": "express 2024 projects web category-inline 06-june 0603-digital-32735-dg-nav-cards m-nav-01.jpg",
        "publish_details": []
    },
    "content_dam_express_2024_projects_web_category_inline_06_june_06_floorset_32735_vis_nav_cards_dg_jeans_nav_01_png": {
        "uid": "content_dam_express_2024_projects_web_category_inline_06_june_06_floorset_32735_vis_nav_cards_dg_jeans_nav_01_png",
        "urlPath": "/assets/content_dam_express_2024_projects_web_category_inline_06_june_06_floorset_32735_vis_nav_cards_dg_jeans_nav_01_png",
        "status": true,
        "file_size": "83872",
        "tag": [],
        "filename": "express 2024 projects web category-inline 06-june 06-floorset 32735-vis-nav-cards dg-jeans-nav-01.png",
        "url": "https://express.com/content/dam/express/2024/projects/web/category-inline/06-june/06-floorset/32735-vis-nav-cards/dg-jeans-nav-01.png",
        "is_dir": false,
        "parent_uid": "migrationasset",
        "_version": 1,
        "title": "express 2024 projects web category-inline 06-june 06-floorset 32735-vis-nav-cards dg-jeans-nav-01.png",
        "publish_details": []
    },
    "content_dam_express_2024_projects_web_category_inline_06_june_06_floorset_32735_vis_nav_cards_w_nav_04_png": {
        "uid": "content_dam_express_2024_projects_web_category_inline_06_june_06_floorset_32735_vis_nav_cards_w_nav_04_png",
        "urlPath": "/assets/content_dam_express_2024_projects_web_category_inline_06_june_06_floorset_32735_vis_nav_cards_w_nav_04_png",
        "status": true,
        "file_size": "122851",
        "tag": [],
        "filename": "express 2024 projects web category-inline 06-june 06-floorset 32735-vis-nav-cards w-nav-04.png",
        "url": "https://express.com/content/dam/express/2024/projects/web/category-inline/06-june/06-floorset/32735-vis-nav-cards/w-nav-04.png",
        "is_dir": false,
        "parent_uid": "migrationasset",
        "_version": 1,
        "title": "express 2024 projects web category-inline 06-june 06-floorset 32735-vis-nav-cards w-nav-04.png",
        "publish_details": []
    },
    "content_dam_express_2024_projects_web_category_inline_06_june_06_floorset_32735_vis_nav_cards_m_nav_04_png": {
        "uid": "content_dam_express_2024_projects_web_category_inline_06_june_06_floorset_32735_vis_nav_cards_m_nav_04_png",
        "urlPath": "/assets/content_dam_express_2024_projects_web_category_inline_06_june_06_floorset_32735_vis_nav_cards_m_nav_04_png",
        "status": true,
        "file_size": "109151",
        "tag": [],
        "filename": "express 2024 projects web category-inline 06-june 06-floorset 32735-vis-nav-cards m-nav-04.png",
        "url": "https://express.com/content/dam/express/2024/projects/web/category-inline/06-june/06-floorset/32735-vis-nav-cards/m-nav-04.png",
        "is_dir": false,
        "parent_uid": "migrationasset",
        "_version": 1,
        "title": "express 2024 projects web category-inline 06-june 06-floorset 32735-vis-nav-cards m-nav-04.png",
        "publish_details": []
    },
    "content_dam_express_2024_projects_web_category_inline_06_june_06_floorset_32735_vis_nav_cards_w_nav_02_png": {
        "uid": "content_dam_express_2024_projects_web_category_inline_06_june_06_floorset_32735_vis_nav_cards_w_nav_02_png",
        "urlPath": "/assets/content_dam_express_2024_projects_web_category_inline_06_june_06_floorset_32735_vis_nav_cards_w_nav_02_png",
        "status": true,
        "file_size": "53913",
        "tag": [],
        "filename": "express 2024 projects web category-inline 06-june 06-floorset 32735-vis-nav-cards w-nav-02.png",
        "url": "https://express.com/content/dam/express/2024/projects/web/category-inline/06-june/06-floorset/32735-vis-nav-cards/w-nav-02.png",
        "is_dir": false,
        "parent_uid": "migrationasset",
        "_version": 1,
        "title": "express 2024 projects web category-inline 06-june 06-floorset 32735-vis-nav-cards w-nav-02.png",
        "publish_details": []
    },
    "content_dam_express_2024_projects_web_category_inline_06_june_06_floorset_32735_vis_nav_cards_m_nav_02_png": {
        "uid": "content_dam_express_2024_projects_web_category_inline_06_june_06_floorset_32735_vis_nav_cards_m_nav_02_png",
        "urlPath": "/assets/content_dam_express_2024_projects_web_category_inline_06_june_06_floorset_32735_vis_nav_cards_m_nav_02_png",
        "status": true,
        "file_size": "56517",
        "tag": [],
        "filename": "express 2024 projects web category-inline 06-june 06-floorset 32735-vis-nav-cards m-nav-02.png",
        "url": "https://express.com/content/dam/express/2024/projects/web/category-inline/06-june/06-floorset/32735-vis-nav-cards/m-nav-02.png",
        "is_dir": false,
        "parent_uid": "migrationasset",
        "_version": 1,
        "title": "express 2024 projects web category-inline 06-june 06-floorset 32735-vis-nav-cards m-nav-02.png",
        "publish_details": []
    },
    "content_dam_express_2024_projects_web_category_inline_06_june_06_floorset_32735_vis_nav_cards_dg_essentials_nav_01_png": {
        "uid": "content_dam_express_2024_projects_web_category_inline_06_june_06_floorset_32735_vis_nav_cards_dg_essentials_nav_01_png",
        "urlPath": "/assets/content_dam_express_2024_projects_web_category_inline_06_june_06_floorset_32735_vis_nav_cards_dg_essentials_nav_01_png",
        "status": true,
        "file_size": "73424",
        "tag": [],
        "filename": "express 2024 projects web category-inline 06-june 06-floorset 32735-vis-nav-cards dg-essentials-nav-01.png",
        "url": "https://express.com/content/dam/express/2024/projects/web/category-inline/06-june/06-floorset/32735-vis-nav-cards/dg-essentials-nav-01.png",
        "is_dir": false,
        "parent_uid": "migrationasset",
        "_version": 1,
        "title": "express 2024 projects web category-inline 06-june 06-floorset 32735-vis-nav-cards dg-essentials-nav-01.png",
        "publish_details": []
    },
    "content_dam_express_2022_projects_web_header_nav_04_april_0425_digital_17444_sale_nav_dg_nav_sale_jpg": {
        "uid": "content_dam_express_2022_projects_web_header_nav_04_april_0425_digital_17444_sale_nav_dg_nav_sale_jpg",
        "urlPath": "/assets/content_dam_express_2022_projects_web_header_nav_04_april_0425_digital_17444_sale_nav_dg_nav_sale_jpg",
        "status": true,
        "file_size": "6375",
        "tag": [],
        "filename": "express 2022 projects web header-nav 04-april 0425-digital-17444-sale-nav dg-nav-sale.jpg",
        "url": "https://express.com/content/dam/express/2022/projects/web/header-nav/04-april/0425-digital-17444-sale-nav/dg-nav-sale.jpg",
        "is_dir": false,
        "parent_uid": "migrationasset",
        "_version": 1,
        "title": "express 2022 projects web header-nav 04-april 0425-digital-17444-sale-nav dg-nav-sale.jpg",
        "publish_details": []
    }
}