{
    "uid": "content_dam_express_2024_projects_web_category_inline_06_june_06_floorset_32735_vis_nav_cards_dg_jeans_nav_01_png",
    "urlPath": "/assets/content_dam_express_2024_projects_web_category_inline_06_june_06_floorset_32735_vis_nav_cards_dg_jeans_nav_01_png",
    "status": true,
    "file_size": "83872",
    "tag": [],
    "filename": "express 2024 projects web category-inline 06-june 06-floorset 32735-vis-nav-cards dg-jeans-nav-01.png",
    "url": "https://express.com/content/dam/express/2024/projects/web/category-inline/06-june/06-floorset/32735-vis-nav-cards/dg-jeans-nav-01.png",
    "is_dir": false,
    "parent_uid": "migrationasset",
    "_version": 1,
    "title": "express 2024 projects web category-inline 06-june 06-floorset 32735-vis-nav-cards dg-jeans-nav-01.png",
    "publish_details": []
}